Sr.No,Category,Name,Description,Tags,Link
1,AI,AI in Healthcare: Predictive Analytics,How AI is revolutionizing healthcare by predicting diseases and patient outcomes.,"AI, Healthcare, Predictive Analytics, Innovation",AI-in-Healthcare:-Predictive-Analytics.md
2,Public Blockchain,Blockchain for Voting Systems,Exploring the potential of blockchain technology to create secure and transparent voting systems.,"Blockchain, Voting, Security, Transparency",Blockchain-for-Voting-Systems.md
3,Robotics,Autonomous Robots in Manufacturing,The rise of autonomous robots and their impact on efficiency and safety in manufacturing.,"Robotics, Manufacturing, Autonomous, Efficiency",Autonomous-Robots-in-Manufacturing.md
4,Energy Storage,Advancements in Battery Technologies,Innovations in energy storage that are enabling the transition to renewable energy sources.,"Energy Storage, Batteries, Renewable Energy, Innovation",Advancements-in-Battery-Technologies.md
5,Multi Omics Sequencing,Genomics and Personalized Medicine,How multi omics sequencing is paving the way for personalized medical treatments.,"Genomics, Personalized Medicine, Multi Omics, Healthcare",Genomics-and-Personalized-Medicine.md
6,AI,AI and Ethics: Navigating the Future,The ethical considerations and challenges of implementing AI in various sectors.,"AI, Ethics, Society, Innovation",AI-and-Ethics:-Navigating-the-Future.md
7,Public Blockchain,Decentralized Finance (DeFi) Revolution,How blockchain is disrupting traditional finance with decentralized financial services.,"Blockchain, DeFi, Finance, Disruption",Decentralized-Finance-(DeFi)-Revolution.md
8,Robotics,Robotics in Disaster Response,Utilizing robotics technology for effective disaster response and recovery operations.,"Robotics, Disaster Response, Safety, Technology",Robotics-in-Disaster-Response.md
9,Energy Storage,Grid-Scale Energy Storage Solutions,Emerging technologies in large-scale energy storage that stabilize and enhance the electric grid.,"Energy Storage, Grid, Electricity, Innovation",Grid-Scale-Energy-Storage-Solutions.md
10,Multi Omics Sequencing,The Role of Proteomics in Disease Research,Exploring the impact of proteomics in understanding diseases and developing new treatments.,"Proteomics, Disease Research, Multi Omics, Healthcare",The-Role-of-Proteomics-in-Disease-Research.md
11,AI,Natural Language Processing Advances,Improvements in NLP enabling more human-like interactions with AI systems.,"AI, NLP, Machine Learning, Communication",Natural-Language-Processing-Advances.md
12,Public Blockchain,Smart Contracts in Real Estate,Using blockchain to automate and secure real estate transactions.,"Blockchain, Smart Contracts, Real Estate, Automation",Smart-Contracts-in-Real-Estate.md
13,Robotics,Exoskeletons for Rehabilitation,Robotic exoskeletons aiding in physical therapy and rehabilitation.,"Robotics, Exoskeletons, Rehabilitation, Healthcare",Exoskeletons-for-Rehabilitation.md
14,Energy Storage,Solar Energy Storage Systems,Innovative storage solutions to maximize the use of solar energy.,"Energy Storage, Solar Energy, Renewables, Sustainability",Solar-Energy-Storage-Systems.md
15,Multi Omics Sequencing,Cancer Genomics and Treatment,How sequencing is transforming cancer diagnosis and personalized treatment plans.,"Cancer, Genomics, Personalized Medicine, Treatment",Cancer-Genomics-and-Treatment.md
16,AI,AI in Autonomous Vehicles,The role of AI in the development of self-driving cars.,"AI, Autonomous Vehicles, Transportation, Safety",AI-in-Autonomous-Vehicles.md
17,Public Blockchain,Tokenization of Assets,How blockchain enables the digital representation of real-world assets.,"Blockchain, Tokenization, Assets, Digital Economy",Tokenization-of-Assets.md
18,Robotics,Collaborative Robots in SMEs,The impact of cobots in small and medium-sized enterprises.,"Robotics, Cobots, SMEs, Collaboration",Collaborative-Robots-in-SMEs.md
19,Energy Storage,Next-Generation Nuclear Batteries,Developing long-lasting and safe nuclear battery technology.,"Energy Storage, Nuclear Batteries, Innovation, Safety",Next-Generation-Nuclear-Batteries.md
20,Multi Omics Sequencing,Multi-Omics for Aging Research,Using multi-omics approaches to understand and treat age-related diseases.,"Aging, Multi Omics, Research, Longevity",Multi-Omics-for-Aging-Research.md
21,AI,AI-Driven Cybersecurity,Leveraging AI to enhance cybersecurity measures and threat detection.,"AI, Cybersecurity, Threat Detection, Technology",AI-Driven-Cybersecurity.md
22,Public Blockchain,Blockchain in Supply Chain Transparency,Improving supply chain management with blockchain for transparency and traceability.,"Blockchain, Supply Chain, Transparency, Efficiency",Blockchain-in-Supply-Chain-Transparency.md
23,Robotics,Underwater Robotics for Ocean Exploration,Advancements in robotics for deep-sea exploration and research.,"Robotics, Underwater, Ocean Exploration, Research",Underwater-Robotics-for-Ocean-Exploration.md
24,Energy Storage,Flywheel Energy Storage Systems,Exploring the potential of flywheel technology for energy storage.,"Energy Storage, Flywheel, Innovation, Efficiency",Flywheel-Energy-Storage-Systems.md
25,Multi Omics Sequencing,Neurogenomics and Brain Health,Studying the genome's role in brain health and neurological diseases.,"Neurogenomics, Brain Health, Multi Omics, Neuroscience",Neurogenomics-and-Brain-Health.md
26,AI,AI in Precision Agriculture,Using AI to optimize farming practices and increase crop yields.,"AI, Agriculture, Precision Farming, Sustainability",AI-in-Precision-Agriculture.md
27,Public Blockchain,Blockchain for Intellectual Property,Protecting IP rights through immutable blockchain records.,"Blockchain, Intellectual Property, Rights Management, Legal Tech",Blockchain-for-Intellectual-Property.md
28,Robotics,Robotic Process Automation (RPA) in Finance,Implementing RPA to streamline financial operations and reduce errors.,"Robotics, RPA, Finance, Automation",Robotic-Process-Automation-(RPA)-in-Finance.md
29,Energy Storage,Hydrogen Fuel Cells for Energy Storage,The role of hydrogen fuel cells in clean energy storage solutions.,"Energy Storage, Hydrogen, Fuel Cells, Clean Energy",Hydrogen-Fuel-Cells-for-Energy-Storage.md
30,Multi Omics Sequencing,Epigenomics and Disease Prevention,Investigating how epigenetic changes influence disease and can be used for prevention.,"Epigenomics, Disease Prevention, Multi Omics, Healthcare",Epigenomics-and-Disease-Prevention.md
31,AI,AI in Drug Discovery and Development,Accelerating pharmaceutical research with AI-driven drug discovery.,"AI, Drug Discovery, Pharmaceuticals, Innovation",AI-in-Drug-Discovery-and-Development.md
32,Public Blockchain,Decentralized Autonomous Organizations (DAOs),The rise and function of DAOs in the blockchain ecosystem.,"Blockchain, DAOs, Decentralization, Governance",Decentralized-Autonomous-Organizations-(DAOs).md
33,Robotics,Space Robotics for Extraterrestrial Exploration,Developing robots for missions to other planets and celestial bodies.,"Robotics, Space, Exploration, Extraterrestrial",Space-Robotics-for-Extraterrestrial-Exploration.md
34,Energy Storage,Thermal Energy Storage Systems,Innovations in storing energy as heat for later use.,"Energy Storage, Thermal Energy, Innovation, Sustainability",Thermal-Energy-Storage-Systems.md
35,Multi Omics Sequencing,The Microbiome and Human Health,Exploring the relationship between the microbiome and overall health.,"Microbiome, Human Health, Multi Omics, Research",The-Microbiome-and-Human-Health.md
36,AI,AI for Climate Change Predictions,Utilizing AI to model and predict climate change impacts.,"AI, Climate Change, Predictions, Environmental Science",AI-for-Climate-Change-Predictions.md
37,Public Blockchain,Cryptocurrency and Financial Inclusion,How cryptocurrencies can provide financial services to the unbanked population.,"Blockchain, Cryptocurrency, Financial Inclusion, Economy",Cryptocurrency-and-Financial-Inclusion.md
38,Robotics,Agricultural Robots for Sustainable Farming,Robots that assist in creating more sustainable and efficient farming practices.,"Robotics, Agriculture, Sustainability, Efficiency",Agricultural-Robots-for-Sustainable-Farming.md
39,Energy Storage,Mechanical Energy Storage Innovations,Exploring new mechanical systems for storing energy.,"Energy Storage, Mechanical, Innovation, Technology",Mechanical-Energy-Storage-Innovations.md
40,Multi Omics Sequencing,Proteogenomics in Precision Oncology,Combining proteomics and genomics for targeted cancer therapies.,"Proteogenomics, Precision Oncology, Cancer, Treatment",Proteogenomics-in-Precision-Oncology.md
41,AI,AI in Retail Personalization,Improving customer experiences in retail through AI-powered personalization.,"AI, Retail, Personalization, Customer Experience",AI-in-Retail-Personalization.md
42,Public Blockchain,Blockchain for Digital Identity Verification,Using blockchain to create secure and verifiable digital identities.,"Blockchain, Digital Identity, Verification, Security",Blockchain-for-Digital-Identity-Verification.md
43,Robotics,Robots in Elderly Care,The use of robotics to support the care and independence of the elderly.,"Robotics, Elderly Care, Healthcare, Assistance",Robots-in-Elderly-Care.md
44,Energy Storage,Capacitive Energy Storage Technology,Advances in capacitors for high-density energy storage applications.,"Energy Storage, Capacitors, High-Density, Technology",Capacitive-Energy-Storage-Technology.md
45,Multi Omics Sequencing,Functional Genomics in Drug Resistance,Studying gene functions to combat drug resistance in diseases.,"Functional Genomics, Drug Resistance, Multi Omics, Pharmaceuticals",Functional-Genomics-in-Drug-Resistance.md
46,AI,AI-Enhanced Predictive Maintenance,Using AI to predict equipment failures and schedule timely maintenance.,"AI, Predictive Maintenance, Industry, Efficiency",AI-Enhanced-Predictive-Maintenance.md
47,Public Blockchain,Blockchain in Digital Content Rights Management,Protecting creators' rights and managing digital content distribution with blockchain.,"Blockchain, Content Rights, Digital Media, Copyright",Blockchain-in-Digital-Content-Rights-Management.md
48,Robotics,Humanoid Robots and Social Interaction,Developing humanoid robots for social interaction and assistance.,"Robotics, Humanoid Robots, Social Interaction, AI",Humanoid-Robots-and-Social-Interaction.md
49,Energy Storage,Bioelectrochemical Energy Storage,Biological methods of storing and generating energy.,"Energy Storage, Bioelectrochemical, Innovation, Green Technology",Bioelectrochemical-Energy-Storage.md
50,Multi Omics Sequencing,Single-Cell Sequencing in Immunology,Using single-cell sequencing to understand immune responses at the cellular level.,"Single-Cell Sequencing, Immunology, Multi Omics, Research",Single-Cell-Sequencing-in-Immunology.md
51,AI,AI in Legal Document Analysis,AI algorithms that can analyze and summarize legal documents.,"AI, Legal Tech, Document Analysis, Automation",AI-in-Legal-Document-Analysis.md
52,Public Blockchain,Blockchain in Healthcare Data Management,Secure management of healthcare data using blockchain technology.,"Blockchain, Healthcare, Data Management, Security",Blockchain-in-Healthcare-Data-Management.md
53,Robotics,Robots for Personal Assistance,Development of robots to aid in daily tasks for individuals.,"Robotics, Personal Assistance, AI, Daily Living",Robots-for-Personal-Assistance.md
54,Energy Storage,Wireless Energy Transfer Systems,Innovative methods for transferring energy wirelessly.,"Energy Storage, Wireless, Energy Transfer, Technology",Wireless-Energy-Transfer-Systems.md
55,Multi Omics Sequencing,Metabolomics in Nutritional Science,Using metabolomics to understand the effects of diet on health.,"Metabolomics, Nutrition, Multi Omics, Health Science",Metabolomics-in-Nutritional-Science.md
56,AI,AI in Weather Forecasting,Enhancing the accuracy of weather predictions with AI technologies.,"AI, Weather Forecasting, Predictive Analytics, Meteorology",AI-in-Weather-Forecasting.md
57,Public Blockchain,Blockchain for Renewable Energy Certificates,Tracking and trading renewable energy certificates on the blockchain.,"Blockchain, Renewable Energy, Certificates, Trading",Blockchain-for-Renewable-Energy-Certificates.md
58,Robotics,Industrial Inspection Drones,Using drones for automated inspection in industrial settings.,"Robotics, Drones, Industrial Inspection, Automation",Industrial-Inspection-Drones.md
59,Energy Storage,Solid-State Batteries,Development of solid-state batteries for improved safety and performance.,"Energy Storage, Solid-State Batteries, Innovation, Performance",Solid-State-Batteries.md
60,Multi Omics Sequencing,Transcriptomics in Developmental Biology,Studying RNA transcripts to understand organism development.,"Transcriptomics, Developmental Biology, Multi Omics, Genetics",Transcriptomics-in-Developmental-Biology.md
61,AI,AI for Real-Time Language Translation,Real-time translation services powered by artificial intelligence.,"AI, Language Translation, Real-Time, Communication",AI-for-Real-Time-Language-Translation.md
62,Public Blockchain,Blockchain in Charity and Donations,Increasing transparency in charitable donations with blockchain.,"Blockchain, Charity, Donations, Transparency",Blockchain-in-Charity-and-Donations.md
63,Robotics,Search and Rescue Robots,Robots designed to assist in search and rescue operations.,"Robotics, Search and Rescue, Safety, Emergency Services",Search-and-Rescue-Robots.md
64,Energy Storage,Bio-inspired Energy Storage Technology,Energy storage solutions inspired by biological systems.,"Energy Storage, Bio-inspired, Innovation, Biomimicry",Bio-inspired-Energy-Storage-Technology.md
65,Multi Omics Sequencing,Genome Editing and CRISPR Technology,The impact of CRISPR and genome editing on genetic research.,"Genome Editing, CRISPR, Multi Omics, Biotechnology",Genome-Editing-and-CRISPR-Technology.md
66,AI,AI in Content Creation,Automated content generation using AI for various media.,"AI, Content Creation, Automation, Media",AI-in-Content-Creation.md
67,Public Blockchain,Blockchain for Academic Credentials,Secure storage and verification of academic credentials on the blockchain.,"Blockchain, Academic Credentials, Education, Verification",Blockchain-for-Academic-Credentials.md
68,Robotics,Robotic Surgery Systems,Advancements in robotic systems for performing surgical procedures.,"Robotics, Robotic Surgery, Healthcare, Precision",Robotic-Surgery-Systems.md
69,Energy Storage,Quantum Battery Technology,Exploring the potential of quantum physics in energy storage.,"Energy Storage, Quantum Batteries, Innovation, Physics",Quantum-Battery-Technology.md
70,Multi Omics Sequencing,Proteomics in Biomarker Discovery,Using proteomics to discover new biomarkers for diseases.,"Proteomics, Biomarkers, Multi Omics, Disease Diagnosis",Proteomics-in-Biomarker-Discovery.md
71,AI,AI in E-commerce Optimization,Using AI to optimize e-commerce platforms for better user experiences.,"AI, E-commerce, Optimization, User Experience",
72,Public Blockchain,Blockchain for Gaming and Virtual Goods,Implementing blockchain for secure transactions in gaming and virtual goods.,"Blockchain, Gaming, Virtual Goods, Transactions",
73,Robotics,Educational Robots for STEM,Robots designed to enhance STEM education for students.,"Robotics, Education, STEM, Learning",
74,Energy Storage,Redox Flow Batteries,The use of redox flow batteries for large-scale energy storage applications.,"Energy Storage, Redox Flow Batteries, Large-Scale, Renewables",
75,Multi Omics Sequencing,Single-Cell Genomics in Cancer Research,Applying single-cell genomics to understand cancer at the cellular level.,"Single-Cell Genomics, Cancer Research, Multi Omics, Cellular Biology",
76,AI,AI for Network Security,Employing AI to secure computer networks against cyber threats.,"AI, Network Security, Cybersecurity, Threat Detection",
77,Public Blockchain,Blockchain for Land Registry,Using blockchain to record and verify land ownership and transactions.,"Blockchain, Land Registry, Real Estate, Verification",
78,Robotics,Warehouse Automation Robots,Robots that automate tasks in warehouses for increased efficiency.,"Robotics, Warehouse Automation, Logistics, Efficiency",
79,Energy Storage,Piezoelectric Energy Harvesting,Converting mechanical stress into electrical energy using piezoelectric materials.,"Energy Storage, Piezoelectric, Energy Harvesting, Materials Science",
80,Multi Omics Sequencing,Lipidomics in Metabolic Disorders,Studying lipid profiles to understand and treat metabolic disorders.,"Lipidomics, Metabolic Disorders, Multi Omics, Metabolism",
81,AI,AI for Fraud Detection,AI systems that detect and prevent fraudulent activities in various industries.,"AI, Fraud Detection, Security, Finance",
82,Public Blockchain,Blockchain for Art and Collectibles,Authenticating and tracking ownership of art and collectibles using blockchain.,"Blockchain, Art, Collectibles, Authentication",
83,Robotics,Assistive Robots for the Disabled,Developing robots to assist individuals with disabilities.,"Robotics, Assistive Technology, Disability, Accessibility",
84,Energy Storage,Nanomaterials for Supercapacitors,Innovating with nanomaterials to enhance supercapacitor performance.,"Energy Storage, Nanomaterials, Supercapacitors, Nanotechnology",
85,Multi Omics Sequencing,Integrative Omics for Systems Biology,Combining various omics data to understand complex biological systems.,"Integrative Omics, Systems Biology, Multi Omics, Data Integration",
86,AI,AI in Film and Video Editing,Leveraging AI to automate and enhance film and video editing processes.,"AI, Film Editing, Video Editing, Media Production",
87,Public Blockchain,Blockchain for Peer-to-Peer Energy Trading,Enabling P2P energy trading among individuals with blockchain technology.,"Blockchain, Peer-to-Peer, Energy Trading, Decentralization",
88,Robotics,Soft Robotics for Delicate Manipulation,Soft robots capable of handling delicate objects and materials.,"Robotics, Soft Robotics, Delicate Manipulation, Materials Handling",
89,Energy Storage,Molten Salt Energy Storage,Using molten salt for high-temperature energy storage applications.,"Energy Storage, Molten Salt, High-Temperature, Efficiency",
90,Multi Omics Sequencing,Glycomics and Immunotherapy,Exploring the role of glycomics in developing immunotherapies.,"Glycomics, Immunotherapy, Multi Omics, Cancer Treatment",
91,AI,AI in Predictive Policing,Using AI to predict and prevent crime in urban areas.,"AI, Predictive Policing, Law Enforcement, Crime Prevention",
92,Public Blockchain,Blockchain for Music Royalties,Streamlining the distribution of music royalties with blockchain technology.,"Blockchain, Music Royalties, Copyright, Artists",
93,Robotics,Robots in Precision Agriculture,Robots that perform precise agricultural tasks for crop management.,"Robotics, Precision Agriculture, Farming, Crop Management",
94,Energy Storage,Graphene Batteries,Developing graphene-based batteries for faster charging and higher capacity.,"Energy Storage, Graphene, Batteries, Material Science",
95,Multi Omics Sequencing,Epitranscriptomics and Gene Regulation,Studying RNA modifications and their impact on gene expression.,"Epitranscriptomics, Gene Regulation, Multi Omics, RNA",
96,AI,AI for Customer Service Automation,Automating customer service interactions with AI chatbots and virtual assistants.,"AI, Customer Service, Automation, Chatbots",
97,Public Blockchain,Blockchain for Public Records,Maintaining secure and transparent public records with blockchain technology.,"Blockchain, Public Records, Government, Transparency",
98,Robotics,Nano-Robots for Medical Applications,Developing nano-robots for targeted drug delivery and diagnostics.,"Robotics, Nanorobots, Medicine, Drug Delivery",
99,Energy Storage,Thermophotovoltaic Energy Conversion,Converting thermal radiation into electrical energy using photovoltaic cells.,"Energy Storage, Thermophotovoltaic, Energy Conversion, Photovoltaics",
100,Multi Omics Sequencing,Multi-Omics in Plant Biology,Applying multi-omics techniques to study plant biology and improve crop traits.,"Multi Omics, Plant Biology, Genomics, Agriculture",
